2022 Population,2022 Median Income,2022 Population Growth Rate
19680000,72920.00000,-0.67135045
